"","Description","County Name","State","% Solar Panel Installed","Median KW Potential","% w/ Health Insurance","Property Crime Rate","Net Migration Rate","% w/ Bachelor's Degree","Population Density","% Children w/ Single Parent","% Population Age 45-64","% Female","% White","Entrepeneurship Score","Income per Capita","Belief in Science Score","Risk Taking Score","Religiosity Score","Income Mobility Score","Employment Rate","In Texas","PA1","PA3","PA2","PA4"
"1","Alameda County, CA","Alameda County","CA",3.79442882122108,12.25,91.64253998,35.9095518,-0.30917,24.63544083,2109.758789,0.269797722,25.2406318564448,50.7429716112148,49.2777304767643,12.07630362,39042,63.8888889,62.63535583,62,-0.298656784,95.8,FALSE,1.60226740431972,-1.52013512471699,-0.719739164325902,0.435187821092403
"2","Angelina County, TX","Angelina County","TX",0.103755965968043,12,81.07124329,33.93193207,0.12458,10.3309679,109.5953751,0.399991262,24.5793691979473,51.1583924349882,80.9848353802687,11.66868198,21486,61.50992652,68.00195735,77.43531548,-0.01597804,94,TRUE,-0.755865543283159,0.790626616175081,-0.518654325018649,-0.205413478045268
"3","Aransas County, TX","Aransas County","TX",0.136008160489629,13,82.19470978,41.13503723,-0.13509,12.69281101,94.76602936,0.279212254,27.8945129732029,50.5189281156955,92.9008932369205,12.76595745,29426,69.71402745,71.4743082,70.39532998,0.216063246,94.3,TRUE,-0.655099597976552,0.743137227591772,0.204537794928453,0.378431557542499
"4","Archer County, TX","Archer County","TX",0.130378096479791,16,87.48415375,9.556574924,-9.5060401,15.53160191,9.80274868,0.140368852,29.4867298024085,51.0581082661055,95.1479013211739,12.5,29086,68.02181067,70.37275228,72.68155929,1.271775519,95.6,TRUE,-0.542879731847608,0.791969486432774,2.82676767625261,-0.202756499374784
"5","Atascosa County, TX","Atascosa County","TX",0.0529474055771267,13.5,81.60430145,27.25511033,-1.6866701,9.170500755,38.00039291,0.38133632,23.2811369812132,50.2003792543937,95.3121029069654,12.98174442,23416,75,84.84848485,80,0.238681495,94.7,TRUE,-1.18875483470258,0.9701415821236,0.552289942150819,-0.800434611904265
"6","Bastrop County, TX","Bastrop County","TX",0,12,80.76675415,20.6756387,-0.61741,12.14587784,85.2406311,0.270940128,26.318992820351,49.1541088556519,87.5195834225623,15.1734104,25242,72.61805402,65.90729427,76.19080628,0.178573617,96.3,TRUE,-0.672567495193733,0.92894928373136,0.597185550004439,0.537160679354437
"7","Bell County, TX","Bell County","TX",0.201660229188451,14.75,86.99559784,30.39785831,0.43729,14.27876377,305.9776001,0.327861209,20.3257431307932,50.3212793863178,65.7413122306599,12.01193059,24213,67.29010421,72.21703445,68.18339538,-0.222832936,95.6,TRUE,0.0861244324529115,0.550860361495236,-0.899746434320907,-0.9552714412508
"8","Bexar County, TX","Bexar County","TX",0.356467252209214,14,83.1144104,47.74636304,0.88884,16.96453094,1442.951416,0.378036038,22.4224552969373,50.5982868442777,84.2561767738728,12.08061164,25317,70.82186783,75.11556222,61.66666666,-0.477896227,96.3,TRUE,0.907264186784334,0.750179595596911,-1.63714206775344,-0.785759809350916
"9","Bowie County, TX","Bowie County","TX",0.137253866863749,13.25,83.36530304,39.30959218,-1.1678,11.95737553,105.1608734,0.414069176,24.5503780363558,49.9458416000858,69.7442222103062,9.002557545,23705,70.21072297,67.52880415,67.56947472,-0.153682368,95.3,TRUE,-0.480614253602667,0.652031015704739,-0.768775538713102,0.123849489221414
"10","Brazoria County, TX","Brazoria County","TX",0.116955333694832,13.25,84.90235138,17.46357919,0.50941,18.00372505,239.7210846,0.25168517,24.6964709402988,49.4867259474595,74.9016736848855,11.17494973,31180,87.5,68.13636364,79.94899748,0.233292873,94.8,TRUE,0.456615667039541,0.518443728969954,0.408237600457296,0.866620950848671
"11","Brazos County, TX","Brazos County","TX",0.236334115100126,14.5,85.90898895,26.89069935,5.3880099,19.97259331,344.1889648,0.331275768,17.3896540741936,49.642469165965,79.6292499051093,11.14561767,24157,69.40181658,73.69170471,74.62586132,-0.416379107,96.6,TRUE,0.752276085162463,0.629713100014269,-0.984921999900072,-1.01478196117673
"12","Butte County, CA","Butte County","CA",7.24490695828556,11.5,89.29158783,29.61881024,0.19094,16.67783165,135.4004669,0.327767334,22.5438668528099,50.5109815407918,85.6541932422691,10.14946962,25077,66.36828643,66.50601324,63.33333333,-0.121951454,93.5,FALSE,0.22174215958029,-1.1394727235767,-0.369775569400834,-0.396365212362656
"13","Caldwell County, TX","Caldwell County","TX",0,10.25,79.10487366,17.76203397,3.3273201,11.3239851,71.2904892,0.311185058,24.4388970318798,49.5488274093074,88.8489373396849,14.83146067,21485,71.1704657,68.74702841,74.79411371,-0.240638449,95.7,TRUE,-0.915037945688949,0.972270937595895,0.151408646945719,0.262070618965151
"14","Callahan County, TX","Callahan County","TX",0.0915192190359976,11.25,77.57051086,13.72376339,-1.53971,10.09367466,15.0316,0.271217712,27.0673456214588,50.4052212579789,94.7070214444524,13.48314607,22557,71.10606445,67.70688548,78.47278435,0.716682185,95.7,TRUE,-1.46241834629123,0.946446062580227,1.43905246327534,0.393662696721362
"15","Cameron County, TX","Cameron County","TX",0,13.5,69.49163818,33.16681332,-1.17224,11.4800539,465.8530273,0.390252768,21.1051060702377,51.2490458759391,97.0727591968107,12.75736002,15457,62.61398176,71.61371469,74.7368421,0.287318823,92.8,TRUE,-0.18842868155054,1.1933870768122,-1.21492305175654,-1.15392317512158
"16","Chambers County, TX","Chambers County","TX",0,13.25,83.50496674,26.22732124,-1.50335,13.52850151,61.20760727,0.172459388,23.7242512033214,49.5334990989347,87.585829322262,7.826086957,29729,60.86956523,68.8890136,70.63039716,0.219897856,93.9,TRUE,-0.29542165349385,0.837673716448932,0.135691032978895,-0.162134412286876
"17","Clay County, TX","Clay County","TX",0,10.75,83.86626434,13.25703386,0.89066,11.76470566,9.687496185,0.261338123,28.6505586858944,50.0525260242575,94.9766020437399,9.90990991,26696,68.88361119,65.17724576,75.6247929,0.516195218,95.5,TRUE,-1.26377013761096,0.786446816817012,1.45256716559158,0.919783772059824
"18","Collin County, TX","Collin County","TX",0.481117041459034,13.25,88.1706543,17.43951143,0.48461,32.25214767,994.8637085,0.198202977,26.2346699138906,50.7546896291786,69.2616431339576,20.44240222,39933,70.83333333,73.58018281,88,0.220432015,96.5,TRUE,2.08751494983481,0.505862230547145,1.76698813786502,0.105870108348075
"19","Comal County, TX","Comal County","TX",0.312978841326248,13.75,86.14694977,22.63692217,1.68157,22.46003914,206.992569,0.256745879,27.7877715112446,50.4951699325903,92.9491898674212,14.87323944,33872,71.45131583,67.95521859,78.15059001,0.184587845,96.4,TRUE,0.791359031371394,0.59087835300996,1.16323121386038,0.51093865003251
"20","Contra Costa County, CA","Contra Costa County","CA",5.91078847706374,13.75,91.50805664,29.01154449,0.10001,25.18893051,1496.011719,0.261325034,27.0061533073377,51.0902225004031,65.1292645332658,12.66989056,40792,74.88896963,56.56620835,62.22222222,0.441544442,95.6,FALSE,1.57377285301112,-1.70293385165999,0.10084607371218,1.06679574627626
"21","Cooke County, TX","Cooke County","TX",0,10.5,83.84120178,46.77857319,-0.02996,14.94010735,44.07842636,0.270430746,25.7241195433502,50.127251133141,91.962576047701,10.16731017,28045,68.23091197,64.68561284,72.60511825,0.812808797,96,TRUE,-0.728902614704134,0.869183591199234,-0.0946574336963327,0.894113450326304
"22","Coryell County, TX","Coryell County","TX",0.161645848640705,15,89.79774475,17.1909338,-1.5855201,10.67505646,72.4932251,0.267987322,19.7982910034101,50.1968374346618,73.4842200892681,11.00917431,20555,64.1805744,73.41772087,62.81608991,0.105393862,95.5,TRUE,-0.497240302432274,0.651995443822137,-0.236046091295254,-1.54003438448077
"23","Dallas County, TX","Dallas County","TX",0.231294802867383,10.5,76.81274414,32.48250309,-1.04543,18.5340004,2806.126465,0.390732486,23.2984356763533,50.6671558814289,66.5575545737533,12.49455357,28552,66.97143852,72.32428605,59,-0.242495362,96,TRUE,1.22017441177632,0.834082367799088,-1.2288535446803,-0.565292590924436
"24","Denton County, TX","Denton County","TX",0.351024897646028,9.5,86.66144562,17.45995375,2.93527,28.32100868,806.647583,0.229634806,25.8228350317344,50.8318802714586,75.6156116892676,17.02065755,36238,71.7948718,83.41307815,65,0.291950301,96.6,TRUE,1.65766550997712,0.654575920812198,1.05599963588212,-0.57950916834848
"25","Ector County, TX","Ector County","TX",0.100630480767256,14,76.73416138,38.85755914,1.3575,10.29239464,161.4438324,0.347972899,19.9304548708662,48.9468966388526,90.1114767511115,8.054169636,27295,65.47619047,83.86363636,43.33333333,0.800724308,93.6,TRUE,-0.679704580468068,0.827249163848147,-1.03462184320105,-1.73452292574524
"26","El Dorado County, CA","El Dorado County","CA",9.67352586181518,15,92.35184479,17.15757301,-0.68273,21.26050186,106.2503052,0.231940852,29.7060302940734,50.1366396498706,88.6399817468096,14.44246738,37089,69.88630519,67.03915564,73.12122199,0.509206853,94.9,FALSE,0.565995032958588,-1.53056828976505,2.0289696743109,0.233279196153112
"27","El Paso County, TX","El Paso County","TX",1.30108173076923,12.25,76.24188995,20.29241555,-0.15895,14.14151382,813.4329834,0.363762418,21.8253939883561,50.5733772779593,91.8408127372688,12.2757746,19145,68.02804869,68.01167133,76.76840376,-0.043083456,95.1,TRUE,0.710237136550114,0.919554039227639,-0.729294706633666,-0.897378420252601
"28","Erath County, TX","Erath County","TX",0,13.5,79.80767059,17.79438697,3.5302501,17.53603172,36.27739716,0.28920066,21.0150358330601,50.9977048105298,93.8990116633098,15.01340483,22781,69.22835417,69.8535992,78.79232361,0.619278128,95.9,TRUE,-0.69587107526777,0.821842468020912,0.708115214268514,-0.300602492607521
"29","Fort Bend County, TX","Fort Bend County","TX",0.0966006997023654,14.75,86.86499786,15.91039692,0.74192,27.46865845,734.4575806,0.223508785,25.72010427652,50.9313923576547,54.7337154177467,16.2817552,37134,70,81.53030303,80,0.218918896,95,TRUE,1.49838648403308,0.332994150708554,1.20329587127521,-0.624101274751323
"30","Fresno County, CA","Fresno County","CA",5.13203516109467,15.25,85.82420349,33.66782118,-0.31067,13.07356548,159.233429,0.412906896,21.3537970635601,50.0903312077558,76.5890535591497,11.50790759,21057,71.47435897,73.00936389,70.83333333,-0.674966175,90.6,FALSE,-0.2694866761271,-1.15068791519587,-0.82498046366995,-0.774366089698462
"31","Galveston County, TX","Galveston County","TX",0.122701477530292,12,84.67365265,28.95491744,-0.23226,18.4195118,797.7324829,0.303272126,26.1288540622379,50.9141021631559,80.2553932758323,11.20930233,32756,65,62.84848485,75.06794672,-0.423953373,94.7,TRUE,1.02416075022914,0.672085796377585,-0.381608166385057,0.551058039180213
"32","Grayson County, TX","Grayson County","TX",0.00833020950476904,10.75,82.5443573,21.44920912,-0.44516,13.26606941,130.7595673,0.359114715,25.9888996564179,51.099756262297,87.5444160573224,11.6538132,25541,70.69845266,66.67414627,80.48835984,0.088197205,96.2,TRUE,-0.238490968613902,0.842239544545225,0.181720932859976,0.504524565641264
"33","Gregg County, TX","Gregg County","TX",0.0863798484172983,14.25,79.97162628,38.63898036,0.211,13.53571129,448.9690247,0.396520204,23.3692363548348,51.378433982815,74.43220783412,11.4809591,24386,66.06665411,67.22941263,72.30691072,-0.046327056,93.9,TRUE,-0.0232151988883597,0.625088695475798,-1.09972224403816,-0.245777613122059
"34","Guadalupe County, TX","Guadalupe County","TX",1.34189728038968,15.75,85.53305054,20.2071024,0.99212,16.65682411,196.4205017,0.286044099,24.9563971782531,50.5265302942217,85.1336853524487,14.99176277,28310,72.52641097,66.31474328,76.22767695,-0.116057955,96.4,TRUE,0.261343970800991,0.455737733998299,0.630907106630973,-0.0925286531364845
"35","Hardin County, TX","Hardin County","TX",0.0141193081539005,13.5,82.36435699,13.61443631,-0.3761,11.41295433,61.9985733,0.231893495,25.9140307628207,50.8263601958265,91.5211277386202,12.40310078,28321,68.72760809,65.31551196,79.05713123,0.511743381,93.9,TRUE,-0.744140659693961,0.691270713450177,0.900237166408753,0.337436202719065
"36","Harris County, TX","Harris County","TX",0.0679351474434366,12.75,77.82236481,38.01232677,-0.10293,18.66327095,2505.395752,0.360277569,23.122975818557,50.3653365723773,69.5621244026245,12.95420722,29850,66.9116025,67.99253277,51.79487179,0.025569638,94.7,TRUE,1.03995726006546,0.718235654843141,-1.37039351544793,-0.412440704308101
"37","Harrison County, TX","Harrison County","TX",0.066949341664807,15.75,81.97798157,19.71360593,0.9316,13.37663555,74.41759491,0.341759292,25.0837678241402,50.996949799408,74.9522936606915,9.789569991,23836,60.63167489,70.46444516,72.95108434,0.151860624,93.9,TRUE,-0.437548375967757,0.494708119084901,0.204823641448662,-0.692082325579789
"38","Hays County, TX","Hays County","TX",0.0300372461852697,13.75,85.40805817,18.8301062,4.9108401,25.66703796,251.3470001,0.272823292,21.6937239075377,50.3464514251209,89.9804944589493,16.71018277,28396,75,69.05723906,81.17588849,-0.280566761,96.7,TRUE,0.999258994305124,0.72987486664432,0.498035454129101,0.116101782351497
"39","Henderson County, TX","Henderson County","TX",0.0335626783017285,13.25,80.00587463,24.8861336,0.4753,10.72894096,90.22956085,0.311496027,26.8489309498773,51.0327906498906,89.8086708485925,11.84701493,23605,69.44444445,89.17748917,70,0.130012498,95.3,TRUE,-0.73293163892737,0.805634883812145,0.401214962211876,-1.19851607942286
"40","Hidalgo County, TX","Hidalgo County","TX",0,13.25,67.07467651,33.65336624,0.01181,11.75612831,513.3668823,0.347070201,19.509569970082,50.9592992804248,96.9750445201892,13.2173913,15240,66.54180307,72.12058145,77.54856457,-0.052515096,92.2,TRUE,-0.218249434670574,1.25139771209695,-1.43414323735438,-0.987010165049147
"41","Humboldt County, CA","Humboldt County","CA",0.811965811965812,11.5,85.63835907,35.43012782,0.59462,18.46929169,37.80167389,0.39699034,23.6186724501689,50.3968780890836,83.2337449652547,9.736180905,24038,67.32339375,71.09405569,66.35673826,-0.200196378,95.1,FALSE,-0.451275959467775,-0.863429166405851,-0.274994487921896,0.209694843148079
"42","Imperial County, CA","Imperial County","CA",0,12.25,85.18560028,32.36121097,-0.91552,9.428425789,42.3850174,0.338877947,21.1207681483321,48.7470683994151,90.1934166597688,12.00194363,16311,65.74498214,71.80185408,77.84356729,-0.119356984,76.5,FALSE,-1.31778041467393,-0.500903962680907,-0.8630200103301,-0.257466664247529
"43","Imperial County, CA","Imperial County","CA",0.0208350695891324,12.25,85.18560028,32.36121097,-0.91552,9.428425789,42.3850174,0.338877947,21.1207681483321,48.7470683994151,90.1934166597688,12.00194363,16311,65.74498214,71.80185408,77.84356729,-0.119356984,76.5,FALSE,-1.29888858943861,-0.519525116342847,-0.834838966122556,-0.294537459896543
"44","Jefferson County, TX","Jefferson County","TX",0.108703114630295,14,78.54684448,36.4604235,-0.18095,12.82252026,288.105835,0.433278336,24.1965297239282,48.868483294576,59.0503448412935,9.515921222,24738,68.4381017,75.48844662,61.24158312,0.003493215,93,TRUE,-0.175579690696253,0.611634692107811,-0.935078086929841,-0.679989095349464
"45","Jones County, TX","Jones County","TX",0,13.25,82.53955841,26.62915138,9.9610202,6.741727352,21.63792229,0.360687023,25.1356868993676,37.2504107951999,82.8561469899915,10.2739726,17279,65.99329776,74.6755692,66.68238472,0.817690353,94.1,TRUE,-1.41391880916933,0.987143246149444,-0.130033961512204,-0.742202089052817
"46","Kern County, CA","Kern County","CA",3.74697632297041,15.25,86.65389252,32.33636312,0.98885,10.08278751,105.476181,0.365189631,21.4832893061779,48.7854948111646,82.3103036873946,12.22381342,21094,68.5741688,71.77438795,96.84210526,0.193208389,89.7,FALSE,-0.822809980635298,-1.12838738822408,-0.410177360208118,-0.525491701006481
"47","Kings County, CA","Kings County","CA",0.924179554884949,14,87.25359344,22.94683598,1.09688,8.991709709,108.9591293,0.36983151,20.6669282071401,44.8528834837191,80.8467372825945,12.35465116,19123,66.57353227,75.32298135,68.44482244,-0.114106742,90,FALSE,-0.734169248735088,-0.732097530707896,-0.720218689935664,-1.11015282272549
"48","Lampasas County, TX","Lampasas County","TX",0.381471389645777,16.25,83.80366516,23.63311881,2.74754,13.75661373,28.08480453,0.266653086,28.4067575135337,50.8773567295128,89.8170617883144,9.850746269,24382,69.76051107,70.94757012,69.86379115,0.427514741,95.9,TRUE,-0.751501982229222,0.374993041010533,0.844972933430934,-0.125932438029961
"49","Liberty County, TX","Liberty County","TX",0.0526500526500527,8.25,78.9781723,29.45678599,4.41783,6.374327183,66.21543121,0.262942159,24.2566794001292,50.6070120949002,86.5403144447341,11.80931744,22065,67.17137608,70.33930489,80.71935299,0.168879138,92.4,TRUE,-1.57743191475685,0.845589542770792,-0.498442629040489,0.300358354336952
"50","Los Angeles County, CA","Los Angeles County","CA",1.91144337447225,8.25,84.12757874,21.4882139,-1.06911,19.54712868,2457.865723,0.355367588,25.2595773707761,50.702378209536,70.7065777862513,12.83843775,29301,69.2968732,65.14646078,70.14634146,-0.514068317,94.7,FALSE,1.32795067094209,-0.90116815084717,-0.869154913077357,0.458923598044255
"51","Lubbock County, TX","Lubbock County","TX",0.0671358459116585,13.25,84.04867554,40.75446968,2.29601,17.7389679,320.1734314,0.38086561,20.1929361913134,50.7323654324804,86.5395451574368,11.25401929,25139,69.12955214,71.76371045,69.03683542,-0.215300395,96.6,TRUE,0.372095310795674,0.785315762138718,-1.15305058524902,-0.471355532105389
"52","Madera County, CA","Madera County","CA",0.862590799031477,15,85.70898438,22.01323399,0.07028,9.434344292,71.33599091,0.327340243,22.383316277562,51.7660668543861,85.9248571446732,12.7349909,19021,62.96144839,76.03311245,69.71720968,-0.075359835,90.8,FALSE,-1.15363496230781,-1.00680483440608,-0.363129974794474,-1.12838476846739
"53","Marin County, CA","Marin County","CA",9.00225056264066,12.75,93.62355042,17.4770291,0.78443,30.81128311,493.3926697,0.220312471,30.4173460162426,51.0802624156769,85.3163901617303,12.25305216,63608,83.47222222,49.49158249,53.33333334,0.185995266,96.8,FALSE,1.84313422444419,-1.88993862887727,2.1719563507005,3.05153154039398
"54","Mariposa County, CA","Mariposa County","CA",0,11.75,92.74964142,15.56771392,-0.2604,14.70674515,12.38663197,0.346378304,28.4659652386212,49.0553973144219,89.3100040690577,15.18987342,27832,72.22222222,59.89286807,66.66666667,0.24291967,93.1,FALSE,-1.30101829674394,-0.879429753646137,1.30818194385779,1.52893456147526
"55","McLennan County, TX","McLennan County","TX",0.138402557679266,13.25,83.49025726,32.15791284,0.86484,14.60423756,231.1394196,0.371034161,21.7708467284694,51.1887087283681,79.9904918888798,10.17448448,22878,67.14285715,68.42561759,68.30338652,-0.290467773,96,TRUE,0.0897619126158221,0.704978966782558,-0.968075156690647,-0.429911775389885
"56","Mendocino County, CA","Mendocino County","CA",0.568540745420088,11.5,87.38196564,17.66170859,0.01371,14.61155796,24.98663902,0.397849462,25.4988530127148,50.4074974927665,86.059781668953,10.90835361,25278,65.38390186,67.10996081,71.36428714,-0.429048648,94.8,FALSE,-0.815965654381654,-0.880016479375615,0.479767334975354,0.508345802898808
"57","Merced County, CA","Merced County","CA",1.35548513545693,13.25,86.98491669,26.7542707,-0.18843,8.639847755,135.2007599,0.404769387,21.1091904350331,49.5156295015846,82.1611207144915,11.28301887,19130,62.22222222,79.07523511,70,-0.035122201,89.5,FALSE,-0.809780418104393,-0.87999551921701,-0.878475555915012,-1.43879630887709
"58","Midland County, TX","Midland County","TX",0.123386144987661,14.75,80.25559235,26.02822014,0.0011,17.78989029,162.6061554,0.30609559,20.4086364458921,49.2393910604415,87.8342155266015,11.0745614,36869,61.45833333,82.59871441,50,0.73571798,95.6,TRUE,0.125899858817635,0.7596151305485,0.373708416249998,-1.52850320304576
"59","Monterey County, CA","Monterey County","CA",0.865061001262095,12.25,83.89500427,24.34762992,-0.14947,14.14266014,129.5262756,0.335736799,22.8037073130274,49.0557778745384,82.8351314676969,11.72037422,25947,71.03579608,62.8484778,80.08512034,0.141566078,92.4,FALSE,-0.419091654480334,-0.895781989602861,-0.294452111251096,0.630193658795419
"60","Montgomery County, TX","Montgomery County","TX",0.104712768023078,10.5,84.72721863,16.70322221,2.3904599,21.67519188,467.4439697,0.237264586,25.7637995953183,50.5147425628631,87.8585622770176,16.24950338,35912,75.55555556,64.44660895,80,-0.069220357,95.1,TRUE,0.858906305022853,0.713502277877081,0.781251352376465,1.06622782475479
"61","Nacogdoches County, TX","Nacogdoches County","TX",0.203776660779785,11.75,78.93712616,25.6744468,4.5285098,15.05250835,69.0114212,0.320999675,20.8530151524446,51.889454634685,77.6164039016011,8.799342105,21343,67.69558203,70.76683237,73.55327665,-0.01511367,95.3,TRUE,-0.53490555079296,0.617144190611331,-0.59443822038485,-0.34792207489525
"62","Napa County, CA","Napa County","CA",4.70574470574471,13.5,90.85018921,16.79400063,-0.10918,21.29265213,186.0758209,0.264854407,26.748896503659,50.2446567545592,83.6326809153212,12.44364292,38057,70.94804701,65.17959945,72.86575899,0.442911877,95.7,FALSE,0.643240689505967,-1.39136137208053,1.19912421697446,0.557517556135498
"63","Nevada County, CA","Nevada County","CA",2.17557251908397,8.25,88.82836914,16.1354117,-0.38037,21.36093712,102.9526596,0.268352833,27.9394516565586,50.8766477870783,93.279534860408,16.16600791,33385,70.20886611,65.00120546,80.59449609,0.008744886,95.3,FALSE,0.264618007193501,-0.861847123966911,1.40484197409097,1.20824155543322
"64","Newton County, TX","Newton County","TX",0,8.75,82.19541931,5.081157375,0.96237,5.301626682,15.34042263,0.481198003,27.6866495034939,48.7164398675984,76.7267377712394,12.87878788,19293,65.11235257,72.80413004,78.84305506,0.211425513,91.9,TRUE,-1.82474056921761,0.92080640193305,1.07492819536528,-0.0517029927062169
"65","Nueces County, TX","Nueces County","TX",0.0322485663409094,12.5,81.67563629,42.93981158,0.52807,12.90625954,415.2739868,0.413114571,23.5620794161648,50.5887483645879,90.880058736827,10.69689804,25826,78.125,74.16967292,72.07173299,0.075866923,94.3,TRUE,-0.0245638985406543,0.818435271313939,-1.08431535467988,0.0561874258967878
"66","Orange County, CA","Orange County","CA",4.6519401053951,14.5,87.66471863,17.34675774,-0.47798,24.22011566,3903.595459,0.255361959,26.6311090622138,50.6619344697156,71.124813111599,14.12062274,35939,69.75589226,63.81407984,75.76923077,-0.084163314,96,FALSE,2.04972247316522,-1.42307112980151,0.0891685889400211,0.155368587670703
"67","Orange County, TX","Orange County","TX",0.0175093018165901,13.75,84.41690063,24.35357428,-1.39218,9.813933372,247.8780975,0.344679413,25.4004988248837,50.4124898076646,87.41186627656,9.77443609,26611,65.69900453,67.25875713,76.2113027,0.360161771,93.2,TRUE,-0.194948051664939,0.695732869148844,-0.279544701101159,-0.160572276208371
"68","Placer County, CA","Placer County","CA",8.17562249570693,14.75,92.29863739,17.77096508,0.78169,24.05094528,256.9259949,0.219679957,26.5988667659146,51.1740295082708,83.9225866055447,17.0440051,37914,72.22222222,77.32683982,85,0.524610755,95.6,FALSE,0.866393367691035,-1.51493153890361,1.858322263195,-0.348659318276854
"69","Potter County, TX","Potter County","TX",0.115066346765901,9,77.28946686,42.92122003,-0.98459,10.42955208,134.3641052,0.37977468,22.6904569262871,48.6087808201678,79.4208576416982,10.96597813,20984,66.30353125,69.0191978,72.52104241,-0.246983557,96.7,TRUE,-0.639992233392532,1.15697040164099,-1.11156920414427,0.0584202650400183
"70","Randall County, TX","Randall County","TX",0.124018189334436,12.5,87.38982391,36.81901138,-0.57188,20.87243271,136.9764709,0.273800359,22.8315409583699,50.9363676631836,91.4510612650948,11.84135977,31383,74.73828385,69.23292945,80.49260646,0.476867758,97,TRUE,0.453923753528511,0.757237164449487,0.220264307802266,0.42589424627162
"71","Riverside County, CA","Riverside County","CA",3.72176552802032,13.75,85.29614258,26.38316878,0.96975,13.36531925,314.5664673,0.304237434,23.8346503161649,50.1319951136308,79.5875486633319,14.77116901,24443,63.63636364,63.29879286,64.54545455,-0.504580262,93.9,FALSE,-0.167379972341537,-1.12860425057645,-0.570720290765968,-0.250634601087125
"72","Robertson County, TX","Robertson County","TX",0,11.75,80.8719101,17.73220748,-1.48184,12.0717926,19.33639717,0.363118812,24.9970715708094,50.8258170317442,76.1098746632306,9.223300971,22980,69.52770403,69.25416798,76.29646058,0.009066562,95,TRUE,-1.0337938735543,0.806600897292302,0.586157420540881,0.274918343119071
"73","Rockwall County, TX","Rockwall County","TX",0.381546999653139,13.5,88.27649689,12.29377085,0.29272,25.24707222,654.883728,0.178249704,26.3479959967593,50.6114473621503,86.2726969451461,17.75280899,37231,71.77103805,73.79428216,77.74352218,0.505315862,96.5,TRUE,1.47744460732604,0.576404631315383,1.54586421723389,-0.192495284832943
"74","Rusk County, TX","Rusk County","TX",0,10.75,79.15479279,23.49187935,3.86228,9.849799156,58.61128998,0.3394828,25.410800279381,46.2632797853178,78.860787413153,8.413793103,22704,69.20662767,73.18402085,72.15088023,0.333568815,94.2,TRUE,-0.869276681511189,0.864221219903829,-0.190518290405446,-0.0324342869524459
"75","Sacramento County, CA","Sacramento County","CA",3.77624759726514,13,89.64102936,27.18297616,0.03847,18.71188927,1502.974243,0.353272306,24.4137783510668,51.1038247281996,62.7530672178488,12.16800761,28292,66.848659,69.17927895,91.76470588,-0.044779684,94.6,FALSE,1.06049909088465,-1.37004228839955,-0.6269933671836,-0.198403210288195
"76","San Benito County, CA","San Benito County","CA",0.960815439886373,14.25,88.60982513,12.59152809,1.11111,13.60702705,40.96463776,0.307496175,24.7627690740033,49.929945229907,87.359890459814,16.72640382,27848,66.48434284,70.87349394,66.52743511,0.057486035,93.2,FALSE,-1.04018071045157,-1.05148436196992,1.02178407070599,-0.183644588321567
"77","San Bernardino County, CA","San Bernardino County","CA",3.76705622523201,10.25,85.90339661,25.93740042,0.14555,12.08125591,103.6337204,0.359961,23.3652357591562,50.2034553698594,76.5555471460975,12.47008335,21857,69.84953703,67.34907791,80,-0.439000379,94.3,FALSE,-0.606655372029344,-0.983823596026655,-0.361747257893006,0.179551224749821
"78","San Diego County, CA","San Diego County","CA",6.537281535216,13.75,87.76448059,18.13202386,-0.32793,21.79668617,756.6901855,0.289493531,24.0049066449392,49.6749272840013,75.4086025048452,14.18157386,32482,69.74579305,62.12126499,66.45833333,0.183124272,95.3,FALSE,1.20149289925952,-1.32589330774569,0.269754608524111,-0.0663569837977471
"79","San Francisco County, CA","San Francisco County","CA",0.912647685454193,6,93.05825806,54.02366711,-1.56956,32.17582321,17680.08008,0.251349051,24.2822577077394,49.0418570039782,52.7805034093397,11.50539926,55567,77.87037037,50.43247284,80,0.142109803,96.7,FALSE,2.88373675515094,-1.17956164100931,-1.36376944763532,3.22349419328663
"80","San Jacinto County, TX","San Jacinto County","TX",0,9.25,80.32041168,20.14584561,1.22451,9.306727409,47.13452911,0.321932242,28.0778959769916,50.2165702207284,86.7181815031706,13.84615385,22563,68.97524045,69.60321556,74.5177393,0.156626129,93.7,TRUE,-1.23340586541535,0.91952042513033,0.537915097442088,0.465411363162307
"81","San Joaquin County, CA","San Joaquin County","CA",2.30936335135402,14.5,88.30228424,35.21096126,0.46039,12.4004488,503.8537598,0.330509286,23.2292153230081,50.1155943465049,66.0698447020789,11.65006022,23477,64.69179057,70.8617969,73.5162666,-0.12711118,91.9,FALSE,-0.106549185478104,-1.26515115972995,-1.22219544185057,-0.652548739137671
"82","San Luis Obispo County, CA","San Luis Obispo County","CA",1.89767634486533,12.5,89.89494324,20.3234297,1.9160099,19.94992447,83.11756897,0.248613879,23.9566813016803,49.3566127773206,88.8068637389575,13.04697555,32335,70.10358722,67.81516049,73.00655168,0.2545168,95.7,FALSE,0.0453357364006782,-1.08694809775893,0.716160726536373,0.392493289056191
"83","San Mateo County, CA","San Mateo County","CA",3.73189844672033,10.25,92.78897858,18.69888157,-0.17993,26.95159149,1649.728027,0.218978057,26.485931542071,50.4929080465918,59.4920509853595,12.12337413,50262,71.95526696,61.62254239,90,0.265337011,97,FALSE,1.83397656183419,-1.54579021573114,0.846028397680647,1.65463038180678
"84","San Patricio County, TX","San Patricio County","TX",0.104160638851918,14,80.45853424,29.58465119,0.05344,9.996860504,94.47014618,0.347368421,23.2459163794395,49.5774014686048,94.0521504570658,13.17233809,24008,58.33333333,74.05701424,68.33505598,0.284078737,92.4,TRUE,-0.787495959430526,0.913826576860384,-0.0458647594934482,-1.06917982882593
"85","Santa Barbara County, CA","Santa Barbara County","CA",2.69946146535729,13.5,86.3530426,20.6049998,0.45139,18.64770699,157.7828979,0.311442614,21.7637665481894,50.001007841003,85.3704039650705,12.5,31098,66.21621623,64.80534512,67.20979158,0.099183248,95,FALSE,0.17539793753089,-1.09031358660978,0.156533309234668,-0.0338739034509553
"86","Santa Clara County, CA","Santa Clara County","CA",6.42544936646695,14.5,92.31147766,22.77260902,-0.82903,26.05245781,1427.338257,0.221722303,25.3832244383905,49.3297722024305,52.3524108697141,13.57031463,46034,73.58024691,53.24153573,76,0.11997165,96.2,FALSE,1.69858532652229,-1.74521242089034,0.538969626059758,1.41027947715105
"87","Santa Cruz County, CA","Santa Cruz County","CA",3.25193727091667,10.25,89.76025391,29.80402231,0.60873,22.97592163,600.2363281,0.287705372,25.144484340057,50.5235841632719,86.9940302987047,11.44006436,34732,70.26429598,65.27074158,77.1906607,0.174049458,93.1,FALSE,1.20212260648959,-1.10010121807046,-0.0443592303045184,0.707099591349435
"88","Shasta County, CA","Shasta County","CA",1.25774357048996,12.5,88.4450531,31.62311675,0.13073,12.41562176,47.28530884,0.318524662,25.4409151488227,50.8701688138605,87.6099511328298,11.55015198,25094,67.45551962,68.5044734,71.87601265,0.144678473,93.1,FALSE,-0.991043517711157,-1.04159694188371,-0.023093984681186,0.293817836736685
"89","Smith County, TX","Smith County","TX",0.0876853116906952,14,81.36160278,29.26773086,1.7782601,17.43822479,233.0314636,0.310631989,23.4886208866987,51.7686282765702,77.7547679709217,10.84175084,25299,69.54853203,69.69673376,70.79067973,0.204356169,95.5,TRUE,0.177288810121732,0.55027171785874,-0.416793646449681,-0.25586930354117
"90","Solano County, CA","Solano County","CA",4.24713401991192,13,90.82699585,31.30859166,-0.11576,16.99506378,513.0668945,0.364519728,25.6061191619214,50.2362373587881,59.598832105048,12.51712329,30251,68.33333333,63.53034345,85,0.091668442,94.5,FALSE,0.388575455060124,-1.45618127221611,-0.313361365305693,0.437264450575769
"91","Sonoma County, CA","Sonoma County","CA",4.2142539790398,12.25,89.88697815,17.15172976,-0.46393,21.1730938,312.0815735,0.301390234,26.7186690833765,51.2030279000518,86.7511166494045,12.57882788,35639,81.64983165,58.09869988,90,0.184937702,96,FALSE,0.822008086872977,-1.32577695988593,0.855913879650799,1.65152160725288
"92","Stanislaus County, CA","Stanislaus County","CA",2.47674819152601,14,88.48391724,34.94985104,-0.21847,10.97350883,349.8068237,0.340942309,22.9586314604293,50.4311190208114,83.2633566992337,11.92772721,22915,67.04545455,66.86699598,75.59533864,0.193597981,91.5,FALSE,-0.310338814697794,-1.13131028404787,-1.04234790759591,-0.345367069598955
"93","Sutter County, CA","Sutter County","CA",6.36940118799165,15.75,86.8345871,24.62115294,-1.9130601,13.13488293,157.8108673,0.294859051,23.6833692547256,50.1882005960545,72.6969918841716,13.3378933,24335,66.66666667,74.0430622,66.66666666,0.461414813,90.4,FALSE,-0.327426466149982,-1.3327477110441,0.186962694992291,-1.24126448743725
"94","Tarrant County, TX","Tarrant County","TX",0.293245193649477,11,81.79137421,32.79373652,0.43083,20.37827492,2178.604492,0.332300758,24.2865805951444,51.1139754056451,72.6176983279549,13.47413447,29791,75.48280423,65.37778275,63.75,0.020111367,96.1,TRUE,1.26809546935745,0.648890280541733,-0.924811402000066,0.308296152551421
"95","Taylor County, TX","Taylor County","TX",0.0586605174262192,13.5,84.30834961,40.46494144,-0.28715,16.68638229,145.8792114,0.365008639,20.3681701609748,51.3670544938204,85.1768404885753,9.664387819,24328,70.18292075,70.55937279,74.70056779,0.366121528,96.3,TRUE,0.0315590838642131,0.757650333951975,-0.803449483099709,-0.351987311975742
"96","Tehama County, CA","Tehama County","CA",0,4.25,89.18015289,25.11935249,-0.29798,9.521345139,21.45430565,0.329344089,25.4855263966566,50.2704197652265,90.2479872165202,10.61452514,21521,66.95929862,67.84787619,73.72828916,-0.007720589,92.9,FALSE,-1.52260274673619,-0.454574189500213,-0.226081732865243,1.09588479927246
"97","Tom Green County, TX","Tom Green County","TX",0.0377266970276752,12.25,83.19055176,36.4004996,3.8958099,14.58019543,74.58422852,0.344600801,21.5285234899329,50.2390939597315,90.614932885906,8.281053952,26252,68.3542111,67.19692298,78.90294301,-0.16570065,95.5,TRUE,-0.401768236201222,0.744099006618174,-0.71588289675704,0.335063346446435
"98","Travis County, TX","Travis County","TX",1.03284162264527,13,83.88294983,36.04224857,1.32878,28.64940643,1103.270142,0.309468376,23.2702279674148,49.4692900999565,79.7085295073448,14.56012294,36649,83.33333333,61.66303543,92,-0.460703258,96.9,TRUE,1.97146949205978,0.624886769907741,0.0833369889450702,1.40706428390631
"99","Tulare County, CA","Tulare County","CA",3.28775038520801,14.75,85.1363678,24.80889446,-0.53251,8.948404312,93.50823212,0.359885746,20.7990218685314,50.0232735228821,88.1669687577087,10.86997194,18257,64.95846558,72.60616428,72.50169982,-0.219978041,89,FALSE,-0.781926200262788,-0.972602131362613,-0.670778545579607,-1.14521936327079
"100","Upshur County, TX","Upshur County","TX",0,13.25,82.98754883,26.18737385,0.39265,10.00484562,68.36279297,0.249615582,26.7501736402175,50.7053385385481,88.281081598927,8.928571429,23215,68.48182099,71.37257689,70.72934275,0.561534637,93.5,TRUE,-0.79150492357658,0.6749015987107,-0.00219119052003153,-0.141510725894696
"101","Ventura County, CA","Ventura County","CA",4.16066078956762,14.25,87.68399048,19.82699146,-0.13738,19.89762306,453.4911194,0.270926505,26.181019992766,50.5072068046799,84.0522407642499,13.19038768,34331,70.82010582,64.7384015,85,0.308951126,94.8,FALSE,0.76950900851477,-1.32318678163631,0.646723364283342,0.461566367984013
"102","Victoria County, TX","Victoria County","TX",0.00411437975725159,15.5,82.05253601,30.58916101,1.28458,11.76983166,100.8397675,0.348125053,22.8953998523088,51.0099474392946,89.457451891751,10.12345679,27509,66.95258344,66.96828492,72.50709663,-0.070422888,94.6,TRUE,-0.613164826896508,0.630846092116208,-0.387919948710933,-0.0041468235934627
"103","Waller County, TX","Waller County","TX",0,15.25,79.00675201,18.24071658,0.11781,13.50087929,87.32097626,0.305679986,21.3934040473518,50.217210295768,70.96441371321,13.63636364,23338,64.97969736,72.01623183,69.08830695,-0.000608414,94.3,TRUE,-0.637195137762054,0.723720312956509,0.0871968320725038,-0.84372138108539
"104","Webb County, TX","Webb County","TX",0,12.5,69.81887817,37.50037411,-0.27314,12.18632412,77.1894455,0.379395102,20.3671037982736,50.7898009051082,97.57384728829,14.31718062,15691,69.58318158,67.51941056,74.56908547,-0.018650696,95.1,TRUE,-0.989252170900284,1.26058948583541,-0.759413755795365,-0.202255382477768
"105","Wichita County, TX","Wichita County","TX",0.0504464510921657,12.25,83.62033081,37.06999724,1.4321,13.92111969,209.9493408,0.380787115,22.5864024805264,48.3158133555169,82.4321258413371,10.71546324,23239,64.17514685,69.7215376,68.22136255,0.113723444,95.6,TRUE,-0.0104606916706949,0.876486160652074,-0.909052681756022,-0.480008380713267
"106","Williamson County, TX","Williamson County","TX",0.337980142412998,13.75,88.8804245,17.45018053,3.6898699,26.40419006,408.8505554,0.216082524,23.9618593483035,50.7006168815225,80.6499353993135,17.86750484,32705,62.15277778,69.23806352,66.66666666,0.060198612,96.7,TRUE,1.27623898726407,0.53223838719376,0.850900120304415,-0.559753476848222
"107","Wise County, TX","Wise County","TX",0,15,81.99551392,10.91261822,-0.98599,11.86731243,66.79920959,0.239492315,27.4405578417924,49.9028349336991,94.780235482396,16.83804627,27104,69.27238555,71.37038017,75.88636506,0.665576934,95.2,TRUE,-0.783110564532885,0.784412143544862,1.50485723516314,-0.206586208436003
"108","Yolo County, CA","Yolo County","CA",6.65925350901118,12.5,90.56097412,26.65395356,2.6555801,19.63602829,201.1910095,0.277016406,20.6780045351474,51.5301587301587,73.9868480725624,12.22580645,28996,90,43.25757576,74.55730624,0.242797204,94.2,FALSE,0.184403341196617,-1.59538737474272,-0.525701766088732,2.08611833507003
"109","Yuba County, CA","Yuba County","CA",3.35608245971997,13.5,87.75744629,33.54507366,2.11369,9.947163582,115.5918121,0.325904613,21.6759037982407,49.3834850256775,78.3851121167438,11.20218579,21418,66.84744932,68.54093579,76.73061607,0.070588435,91.5,FALSE,-0.866332605943173,-1.17665567544807,-0.895611665160575,-0.417354840457771
